"name","ra","dec","alt","az"
"AR And","26.26250000","37.94250000","3.9867950089560718","30.760094143552823"
"DX And","352.44166667","43.75111111","82.57568772991777","227.8809690634887"
"EG And","11.15416667","40.67916667","31.232941109115416","297.668556258313"
"FN And","17.98750000","35.29000000","72.15241812366318","134.39635431002114"
"FO And","18.88333333","37.62638889","66.23606897265827","107.66194514973708"
"LS And","8.04166667","41.96972222","9.681293660898751","326.90880680050077"
"PQ And","37.37083333","40.04416667","51.53499498896926","277.38423834396656"
"RX And","16.14583333","41.29916667","78.55012584976535","232.26820678743684"
"Z And","353.41250000","48.81805556","85.43818102250059","89.66651115151248"
"DH Aql","291.54166667","-9.74222222","-46.957986480985724","31.360459699009258"
"FO Aql","289.15833333","0.12694444","-20.906429217066115","63.7016082944596"
"KX Aql","293.47083333","14.29638889","-26.32576824167841","351.5488567740903"
"UU Aql","299.32500000","-8.67750000","-2.8829055083362944","260.0767735424237"
"V0603 Aql","282.22500000","0.58388889","38.86642699696336","155.11689911604358"
"V0725 Aql","299.18750000","10.82555556","10.474067358499548","274.5003835558748"
"V1413 Aql","285.94166667","16.43805556","22.194468779836942","90.19940030431542"
"VY Aqr","318.03750000","-7.17333333","-45.968832251776846","336.3624935734696"
"VZ Aqr","322.60000000","-1.01194444","-4.2063533716699","273.30285201154277"
"SV Ari","51.26250000","19.83111111","-17.569682248134654","24.953249335202674"
"TT Ari","31.72083333","15.29472222","-15.92728573316906","318.2802504819002"
"SS Aur","93.34166667","47.74027778","47.63710414503731","65.62349851161825"
"TT Boo","224.43333333","40.72777778","10.838701459247217","322.4044754584175"
"UZ Boo","221.00416667","22.01500000","-18.98129369689814","359.20333359652307"
"AF Cam","53.06250000","58.78944444","17.798317445726273","359.08164764977266"
"Z Cam","126.30416667","73.11083333","32.916184597788835","353.09991335344444"
"AM Cas","36.59583333","71.30861111","53.39056212771073","330.7735165833825"
"GX Cas","12.25416667","56.87861111","48.77372213124504","308.6244358455807"
"HT Cas","17.55000000","60.07666667","77.77989318354658","21.633955933548812"
"KU Cas","22.75833333","57.90333333","41.05919263076016","44.731957541841574"
"V0630 Cas","357.21250000","51.46083333","50.345625498675304","61.288823365547984"
"WW Cet","2.85000000","-10.52138889","-43.455403211052214","45.04650053468746"
"AL Com","188.10416667","14.34527778","38.16499571762804","115.07334180545419"
"T CrB","239.87500000","25.92000000","10.85911820393812","62.75808787326391"
"TX CVn","191.17500000","36.76388889","24.882956404393084","61.83047132440353"
"BF Cyg","290.97083333","29.67472222","-6.982061435358597","25.691680840232028"
"CH Cyg","291.13750000","50.24138889","11.943753300484273","17.378339724048175"
"EM Cyg","294.66666667","30.50777778","-7.2369405201935955","337.8329757480258"
"EY Cyg","298.65000000","32.36527778","21.132800986579976","295.47646909230644"
"Q Cyg","325.42916667","42.84138889","53.50791100790397","280.8180712531925"
"SS Cyg","325.67500000","43.58583333","56.233691898546056","279.7962053859858"
"V0404 Cyg","306.01250000","33.86722222","70.8013498773374","136.10494007441426"
"V0476 Cyg","299.60000000","53.61833333","42.33832917650353","307.73340175753265"
"V0503 Cyg","306.82083333","43.68944444","70.04069210005002","94.77163446870688"
"V0516 Cyg","311.78750000","41.92388889","23.45836801563433","52.34000766527216"
"V0542 Cyg","297.29166667","58.53305556","29.978054729459288","326.8576332436851"
"V0630 Cyg","323.74583333","40.67166667","36.49745122210636","292.61842385899297"
"V0632 Cyg","324.01666667","40.43861111","38.841167959874134","290.06391728445453"
"V0751 Cyg","313.05000000","44.32388889","16.385148067626325","39.47942560638076"
"V0795 Cyg","293.64166667","31.53638889","-8.932962900968072","351.0612678451618"
"V0811 Cyg","297.09583333","36.43972222","11.655442868844313","313.4037837389408"
"V1016 Cyg","299.27083333","39.82666667","31.711182752312258","295.8974621807765"
"V1028 Cyg","300.23333333","56.94333333","48.63625131002851","308.8062550276431"
"V1251 Cyg","325.22500000","48.66194444","54.0717692198107","291.2778838394258"
"V1454 Cyg","298.40833333","35.36250000","21.172132289799347","300.0303826695583"
"V1500 Cyg","317.90000000","48.15055556","7.928952007967732","350.4554888887044"
"V1668 Cyg","325.64583333","44.03166667","56.15059381582094","280.766624852637"
"V1819 Cyg","298.65416667","35.70444444","23.53025528563057","297.9901237298194"
"HR Del","310.58333333","19.16083333","17.884997069517773","81.11394191188138"
"AB Dra","297.27500000","77.73972222","42.714397083612205","344.8307787676068"
"AG Dra","240.42083333","66.80277778","36.62871411276761","27.057548796445463"
"DO Dra","175.90833333","71.68888889","34.69208360602119","344.5006658781979"
"AH Her","251.04166667","25.25055556","19.644413890609314","286.24601348418463"
"AM Her","274.05416667","49.86777778","28.60401522117194","314.4337760773607"
"CH Her","278.69166667","24.80027778","54.19675146829145","239.87276063221867"
"DQ Her","271.87500000","45.85888889","12.253884342211755","330.40013608273705"
"V0443 Her","275.52916667","23.45555556","23.036040495059154","279.7951012813509"
"V0446 Her","284.33750000","13.24138889","35.196685933789404","112.59095991752554"
"V0533 Her","273.58333333","41.85611111","19.418271720228788","312.2912512874846"
"YY Her","273.64166667","20.98888889","3.7040214231991118","298.2056899874015"
"CP Lac","333.92083333","55.61694444","46.17569779886343","51.824463732807416"
"AY Lyr","281.10833333","37.99750000","78.86495410818523","170.26437265169113"
"CY Lyr","283.17083333","26.75861111","56.03122631952258","118.6368924575668"
"DM Lyr","284.68333333","30.25916667","44.20172839514906","92.71294403586167"
"LL Lyr","278.80000000","38.33444444","64.59981624720339","257.375660393142"
"MV Lyr","286.81666667","44.01888889","32.74549344258693","58.700415031550904"
"V0344 Lyr","281.16250000","43.37416667","83.95826125956245","157.4174013281738"
"RS Oph","267.55416667","-5.29222222","-42.823278643995266","29.02135096647751"
"V0426 Oph","271.96250000","5.86305556","-22.51151972927525","310.1893883031029"
"AG Peg","327.75416667","12.62555556","50.7181487205811","208.3378765118689"
"EF Peg","318.76666667","14.06361111","-22.48066279857632","331.27025714238175"
"IP Peg","350.78333333","18.41638889","49.765364130280574","232.11388916327462"
"RU Peg","333.50833333","12.70305556","23.691868203470943","97.97563859583988"
"AX Per","24.09166667","54.25055556","29.97629514924591","40.1327196136708"
"FO Per","62.14166667","51.24666667","63.27155378978388","291.00762683612516"
"GK Per","52.80000000","43.90416667","2.925072049986956","1.6229702964358732"
"KT Per","24.28333333","50.95555556","26.41084432933205","41.36968902799793"
"TZ Per","33.45833333","58.38111111","30.780218118165745","325.64748841507657"
"UV Per","32.53333333","57.18916667","25.093592347489754","331.14927409458886"
"UW Per","33.12083333","57.08861111","27.991232960000467","326.8996257550192"
"TY Psc","21.41250000","32.38555556","38.40821635599077","82.54039658705457"
"U Sco","245.62500000","-16.12166667","-56.09973675585198","342.3743379677793"
"LX Ser","234.50000000","18.86750000","54.533143543012216","139.92655526961875"
"MU Ser","268.96666667","-13.97861111","-54.97800558746629","359.57710856683195"
"UZ Ser","272.85000000","-13.07388889","-30.30642685127696","285.84390805440063"
"AW Sge","299.65416667","16.69111111","19.387573988805787","273.3980483893529"
"HM Sge","295.48750000","16.74416667","-16.093647559832586","322.0871028459446"
"RZ Sge","300.82500000","17.04777778","31.126790761771172","260.0575573504483"
"WZ Sge","301.90000000","17.70388889","41.72970300821599","246.11437188106828"
"FN Sgr","283.47500000","-17.00555556","15.931766588983685","142.370709933785"
"BC UMa","178.06250000","49.24472222","28.234208862528156","313.85621940013175"
"BZ UMa","133.43333333","57.81111111","58.239210904980006","306.33314270911325"
"CH UMa","151.75000000","67.54638889","30.749345525648994","342.7001762923622"
"CI UMa","154.55416667","71.92888889","44.14129999084543","334.53645864329536"
"CY UMa","164.23333333","49.68833333","58.48974863891779","69.67314522093643"
"DI UMa","138.06666667","50.89833333","79.08072682324986","73.65063575890687"
"SU UMa","123.11666667","62.60611111","23.72391586808393","13.418542290866403"
"SW UMa","129.17500000","53.47694444","25.56393880409536","323.85910834834874"
"SS UMi","237.84166667","71.75305556","50.85324443369896","28.375108578846294"
"HV Vir","200.26250000","1.89111111","-23.53466812117573","303.77179721864763"
"LV Vul","297.00000000","27.17194444","3.408898690516669","308.96009967213365"
"NQ Vul","292.30833333","20.46638889","-20.005155518738977","9.596111298847257"
"PU Vul","305.30416667","21.57166667","62.247448585543566","169.34407154720853"
"PW Vul","291.52083333","27.36583333","-11.26886223407277","19.327274603866954"
"QU Vul","306.69166667","27.84527778","60.84955611584316","126.93576171566549"
"VW Vul","314.43750000","25.50694444","-8.255146269671995","33.886073612427786"
"BM And","354.40833333","48.40333333","75.6005837496054","84.07693229739294"
"FG Aql","285.59166667","-4.39472222","9.782679478037721","108.47359821271966"
"FH Aql","285.59583333","-4.39000000","9.747472222625886","108.42120507023252"
"V0536 Aql","294.73750000","10.50444444","-25.983897991605108","330.43655061530376"
"RW Aur","76.95416667","30.40138889","-10.598591424286049","359.945071610525"
"UY Aur","72.94583333","30.78694444","6.028619916320259","48.468345159384484"
"DG Aur","75.38750000","32.56722222","-5.798599643945216","19.68990494563009"
"GM Aur","73.79166667","30.36638889","-0.10339583822531567","39.40940487287024"
"GZ Aur","75.01250000","30.01888889","-6.832209385232709","25.06272458893566"
"HO Aur","76.94166667","31.33833333","-9.661589287319961","0.10821461314309759"
"PS Aur","77.76250000","32.30166667","-7.974584547911094","349.6194573473805"
"V0347 Aur","74.23750000","51.51416667","16.329978609208087","25.009336805841937"
"V0372 Aur","88.67500000","41.87000000","82.30786098046615","203.58942795898366"
"VX Cas","7.87500000","61.98055556","26.364730700439164","338.69140032284673"
"MQ Cas","2.40416667","58.21944444","21.71419975874483","20.516296948145776"
"NX Cas","9.74583333","59.46333333","33.139719539602964","324.76809815091036"
"V0519 Cas","44.19583333","63.45472222","60.30869859699468","42.663670183042"
"V0545 Cas","5.06666667","59.38694444","18.3963540452046","359.0608906739334"
"V0594 Cas","10.82500000","61.91111111","40.973670797580965","321.4434117395576"
"V0628 Cas","349.35416667","60.84527778","57.912632467788775","312.1532005471281"
"V0642 Cas","3.76666667","63.84388889","23.702563627886338","8.439784193258921"
"NSV 87","3.23333333","63.77500000","24.576116172581777","12.187025934138338"
"NSV 93","3.46250000","63.75750000","24.11387182482936","10.598357036455356"
"SV Cep","335.38750000","73.67416667","44.68445282007329","23.127132497212436"
"YZ Cep","334.50416667","57.28805556","42.555090234721185","46.772808303673166"
"BG Cep","330.12500000","68.47277778","68.66975747936003","17.785322963161796"
"BH Cep","330.42500000","69.74333333","66.7005719795726","19.24916898996162"
"BO Cep","334.22500000","70.06250000","48.73637616909628","30.513824274928073"
"BS Cep","337.27083333","65.24472222","31.905443970654257","23.89002350382333"
"DI Cep","344.04583333","58.66694444","24.175597174404828","335.6041140902903"
"DZ Cep","326.23750000","58.58000000","64.60638736360967","307.57900988235804"
"EH Cep","315.85000000","67.98500000","27.63803876373795","6.902190206368729"
"GM Cep","324.57083333","57.52277778","51.41793666544388","308.310603100628"
"LO Cep","319.92916667","61.70722222","26.32576974124147","338.1677782615348"
"V0373 Cep","325.77500000","66.11500000","60.35566895797371","322.7887469210901"
"V0488 Cep","323.82916667","57.61055556","45.84620574076501","311.5208421357895"
"V0730 Cep","343.51250000","58.90027778","22.38324526549736","339.6795247091198"
"V0517 Cyg","311.84583333","43.74416667","24.31131582333958","50.44648347367773"
"V0561 Cyg","306.49166667","52.14472222","75.0485537797268","69.09207856846898"
"V1057 Cyg","314.72083333","44.25777778","7.735373431638851","23.470239182789797"
"V1331 Cyg","315.28750000","50.36222222","11.636070517251703","15.938986352806324"
"V1393 Cyg","308.41250000","41.32388889","53.33117782074626","81.9357609975515"
"V1514 Cyg","301.75416667","58.27805556","60.81651901316439","306.81646313133746"
"V1515 Cyg","305.95000000","42.20694444","77.5331349649768","117.36689249042509"
"V1910 Cyg","323.12916667","38.96500000","29.90178436309526","296.3703600441323"
"V1938 Cyg","323.15416667","39.66805556","30.58002244119208","296.76873949883753"
"V1977 Cyg","311.90416667","43.79027778","23.903435148527805","49.91535141443309"
"V1982 Cyg","315.97500000","50.25250000","10.04241891640154","9.436557010657289"
"NSV 25614","322.20833333","39.19805556","22.26427642030969","304.74853395592515"
"CF Dra","286.69583333","53.38250000","39.18122727834565","50.15544547162311"
"KW Her","280.35416667","12.15638889","52.41866517719968","194.4192946747712"
"V1117 Her","249.77500000","9.79861111","-3.8592520197716036","289.73059087118656"
"BH Lac","338.71666667","51.50750000","14.489037613666007","20.78217736107386"
"FY Lac","338.14583333","45.52944444","11.382416229455242","28.6029549289149"
"V0375 Lac","338.67083333","40.66750000","4.599146968733499","25.314165930445018"
"OQ Lyr","284.21250000","31.20083333","49.42783862264937","97.4366716992148"
"V0497 Lyr","286.95416667","36.38583333","26.559803427245647","64.16081321855143"
"V1121 Oph","252.31250000","-13.63111111","2.566124758503037","245.7236908932249"
"XY Per","57.40000000","38.98194444","15.87009117514946","312.05353343899844"
"CF Per","30.84583333","57.72222222","19.269183264817862","344.3717270356901"
"DN Per","36.58333333","52.74111111","49.94187176375698","301.12705592311823"
"EO Per","42.65833333","57.33611111","72.67063668931755","51.59379007285962"
"IP Per","55.19166667","32.53138889","-3.1367117481113382","332.1232720454104"
"IS Per","23.04166667","54.27638889","37.121928222867126","47.05909826582824"
"V0369 Per","42.82083333","38.24444444","67.19895333315141","107.56218422427672"
"RZ Psc","17.42500000","27.95027778","68.24755676883815","162.8033355680637"
"CN Sge","303.44166667","17.27444444","53.35661181104333","217.98748722388257"
"DW Sge","298.97500000","19.54333333","14.863242365685208","282.84090370697095"
"V1098 Sco","243.52916667","-18.35861111","-54.864313705302656","36.825816375577794"
"XX Sct","279.90000000","-5.28194444","34.00535664903202","199.02887551346151"
"GSC 05107-00266","276.85833333","-3.42027778","15.587925936294074","245.4595107347267"
"VV Ser","277.19583333","0.14416667","21.456232213217685","243.38414663439605"
"DD Ser","280.30416667","-0.03194444","40.26194418299002","192.73913734830433"
"DM Ser","277.18750000","5.23555556","25.471064304717522","246.80129847127347"
"T Tau","65.49583333","19.53500000","59.809034765127684","164.52043895087468"
"RY Tau","65.48750000","28.44305556","68.53191672085019","160.30768290358904"
"VY Tau","69.82083333","22.79805556","27.945666302744886","86.65642523817475"
"ZZ Tau","67.71250000","24.70611111","49.66323816139741","111.74381145466128"
"AA Tau","68.72916667","24.48138889","39.841542926833114","97.88667694530683"
"BM Tau","58.62916667","28.57166667","18.216543067383483","292.88351045826477"
"BP Tau","64.81250000","29.10722222","70.04479239671355","185.2862267190955"
"BS Tau","74.71250000","28.52333333","-6.888772150681521","29.29288700749371"
"CW Tau","63.56666667","28.18250000","63.793386171877195","225.00414707176967"
"DF Tau","66.75833333","25.70611111","58.5913486650713","127.97346407094099"
"DG Tau","66.76666667","26.10444444","58.851666933134524","127.35368159028536"
"DN Tau","68.86250000","24.24944444","38.377455090254095","96.4576095768067"
"DS Tau","71.95000000","29.42000000","12.874414491391486","59.661753678944585"
"FX Tau","67.62083333","24.44555556","50.30164972703825","113.4643691309642"
"GK Tau","68.39166667","24.35138889","43.0189687490436","102.34633494358728"
"GU Tau","66.66250000","26.17000000","59.708334361529225","129.5320651679743"
"V0586 Tau","67.47916667","24.75916667","51.80714467176675","115.45476420884643"
"V0587 Tau","67.56666667","24.65805556","50.94904748863559","114.11853052021893"
"WW Vul","291.49166667","21.20861111","-17.131114360432687","21.31359376185288"
"CT Vul","296.88333333","20.90472222","-2.6572330972251357","306.7161585084133"
"IZ Vul","296.81666667","27.33194444","2.1591693515718196","311.0698466168126"
"WASP-76","26.62916667","2.70055556","-30.16448281309846","41.267261405984485"
"HAT-P-12","209.38750000","43.49333333","82.86971908570875","138.09013599447334"
"HAT-P-32","31.04166667","46.68777778","9.49220905157823","338.7706425692565"
"HAT-P-18","256.34583333","33.01250000","72.64110620842611","206.27587174873645"
"HAT-P-3","206.09166667","48.02861111","61.96265927971998","284.5247776336189"
"HAT-P-38","35.37916667","32.24611111","27.703322682936676","288.3326490686198"
"HD 149026","247.62083333","38.34722222","4.269864443889849","329.59048293870984"
"HAT-P-26","213.15416667","4.06000000","20.480840318549188","108.32858156121229"
"WASP-80","303.16666667","-1.85583333","34.13183802577169","212.92052102058804"
"WASP-69","315.02500000","-4.90583333","-39.563436870225765","38.61603688246878"
"WASP-52","348.49166667","8.76111111","21.69143570061142","258.010746984399"
"WASP-39","217.32500000","-2.55555556","-24.54524322403989","63.21555105282043"
"WASP-67","295.74166667","-18.05055556","-44.29170084990706","297.54510658903706"
"HS 0624+6907","97.50833333","69.08416667","34.026692285356376","19.736360118821345"
"3C 273","187.27500000","2.05222222","34.396204545066794","136.1711269807116"
"PG 1351+640","208.31250000","63.76250000","74.35697432447888","344.1949722980815"
"SW And","5.92916667","29.40083333","-10.508798372316997","347.01702732808917"
"AC And","349.50833333","48.78277778","56.72767578233191","289.68232859791885"
"XX And","19.36250000","38.95055556","62.40351742342345","97.60071167075064"
"AT And","355.62500000","43.01416667","61.841438546001754","86.890679384914"
"FF Aql","284.55833333","17.36083333","36.30932179082692","106.31440297440508"
"TT Aql","287.05416667","1.29861111","-0.044776183869284614","87.96882233059584"
"U Aql","292.33750000","-6.95611111","-47.24621614722577","13.501273041153025"
"eta Aql","298.11666667","1.00555556","-7.39618277989421","280.15448925777184"
"SW Aqr","318.82083333","0.07611111","-35.304788415306504","324.79868641448996"
"BH Aur","78.01666667","33.96305556","-5.821535234835234","346.7147269614429"
"RS Boo","218.38750000","31.75444444","-2.2793771433512813","31.93943326109424"
"ST Boo","232.66250000","35.78444444","76.41197412581089","195.0486952061811"
"SW Boo","216.89166667","36.04555556","10.714185508703187","45.95940915868694"
"TV Boo","214.15000000","42.35972222","37.539008032376394","65.71671061562725"
"SZ Boo","220.55416667","28.20583333","-12.612004158069462","5.359963319979016"
"TW Boo","221.27083333","41.02888889","0.12886219819885042","356.3713113652557"
"UU Boo","229.27083333","35.11555556","47.77411935042312","272.1269932788284"
"UY Boo","209.69166667","12.95166667","52.79773360841819","161.88020663066746"
"TW Cap","303.61666667","-12.16472222","26.334870633765703","201.90419889260232"
"del Cep","337.29166667","58.41500000","26.436385190451176","28.581769345476687"
"RR Cet","23.03333333","1.34166667","0.19262805970980154","88.17642197709603"
"XZ Cyg","293.12083333","56.38805556","15.409639232480048","358.52886559960905"
"DM Cyg","320.29583333","32.19111111","2.6699244325493336","319.4003982708556"
"RW Dra","248.87916667","57.83972222","27.304844554922973","329.1270028391937"
"XZ Dra","287.42500000","64.85888889","40.43910042488344","33.634737554552984"
"AR Her","240.13333333","46.92361111","24.498630688129207","45.62795328673233"
"DL Her","260.09166667","14.51055556","38.40691556948363","115.1268681077367"
"TW Her","268.62916667","30.41027778","-10.473481752729768","4.219496899743691"
"VX Her","247.66666667","18.36666667","-13.525738730550067","320.4180421777228"
"DY Her","247.82083333","11.99777778","-18.17782842807836","315.3346498727968"
"RZ Lyr","280.90416667","32.79805556","73.78990776122423","182.07024908694018"
"AV Peg","328.00833333","22.57472222","61.306427917571206","207.99098225508308"
"RV UMa","203.32500000","53.98722222","40.41232781317015","309.7806973551492"
"alf UMi","37.95416667","89.26388889","49.518327745806864","359.19910818345204"
"ASAS J182611+1212.6","276.54583333","12.20944444","24.82068826238862","259.8117565727773"
"AG LMi","161.20000000","33.35305556","74.10569289286012","168.49296653053182"
"ASAS J050610+2638.7","76.54166667","26.64583333","-14.156289263794296","5.644241008407365"
"ASAS J193639+3933.2","294.15833333","39.55277778","-0.008924808268650735","346.12145936316733"
"bet Per","47.04166667","40.95555556","28.868563768639707","59.557625844460084"
"CD And","21.61666667","44.35666667","43.477512816255604","67.806124980848"
"CSS_J160450.1+520159","241.20833333","52.03305556","21.716867121230788","33.35336835819442"
"Dauban V239","294.03333333","25.75277778","-13.84981575446509","344.9546141834081"
"Dauban V241","295.99166667","26.34972222","-4.368325396666923","320.030420650014"
"Dauban V242","286.37916667","28.92333333","26.7758678363028","75.80391739704878"
"Dauban V243","305.82916667","21.84777778","60.896027113880905","154.19221364873047"
"Dauban V244","293.18750000","36.10361111","-4.837485701037574","357.1119371436965"
"Dauban V245","318.02500000","37.46472222","-2.359890863755956","347.25375207375"
"Dauban V246","327.10416667","39.64472222","68.256970222003","254.97837755645608"
"Dauban V247","32.45416667","43.14138889","13.006923396337884","323.5140029666824"
"DK Cam","66.76250000","71.78111111","64.06997000092557","19.06769160478976"
"EE Cep","332.34166667","55.75666667","58.96314135767465","57.85125502821476"
"EL And","21.61250000","44.93694444","43.81934230389806","67.1551812756115"
"EN Sge","300.76666667","16.20083333","29.936004052976763","260.1130297506179"
"FR Lac","342.23750000","54.20972222","14.483797423001711","348.476984960646"
"GH Cam","55.37916667","67.07888889","29.311637315718215","344.61610913020934"
"HQ Cam","95.14583333","67.25638889","43.08071271247828","31.912275363947096"
"KIC 10001167","286.95416667","46.93638889","33.42867146972627","54.900526925046506"
"KIC 5640750","297.20000000","40.89222222","15.944887514689807","315.16133443748663"
"KIC 7037405","292.97500000","42.54750000","1.5480936609546478","359.72355858599104"
"KIC 9970396","298.70833333","46.83277778","31.47175295644881","306.82025442773664"
"KID 03644542","291.16666667","38.76500000","0.9022871712227027","20.548084650083464"
"KID 07377422","295.92916667","42.95111111","9.953312186278925","328.49369313459914"
"KID 08257407","299.02083333","44.17250000","32.31840018441799","301.94306276942035"
"KID 2307206","292.37500000","37.65722222","-3.005726956265979","6.8279229323975965"
"KID 3428468","286.72083333","38.59555556","30.102330970750444","64.39378606387683"
"KID 4659255","293.04583333","39.72527778","-1.2656201077079916","358.8940952256274"
"KID 8044608","296.90000000","43.82388889","16.29515505712881","319.7602143816784"
"KID 9028474","294.15833333","45.37583333","5.691153022221298","347.31383532073147"
"KL Cep","332.59166667","54.15250000","56.53039918360807","59.97995916352794"
"LL Aqr","338.67500000","-2.40055556","-35.0458112319864","43.20695737703344"
"Mis V1351","301.91666667","36.28833333","54.81806066010386","266.20861586140944"
"MO Dra","305.98750000","63.04222222","73.57959802763149","25.483653950448737"
"NO Dra","227.93333333","63.62194444","48.620102557420566","319.46192857332437"
"NS Dra","145.72500000","78.94833333","41.084774500391745","10.959171095212"
"NSV 14400","345.65416667","58.58583333","32.025199453807524","324.56759476462895"
"NSV 15581","42.34166667","60.54083333","73.45639681586322","37.98434479088717"
"NSV 15635","46.93750000","52.18388889","36.69270989091949","49.874761279518715"
"NSV 15666","49.82500000","45.95083333","13.333990372164408","31.43390192707028"
"NSV 1853","77.76666667","44.65666667","4.2669442859159705","351.29487079323104"
"NSV 25882","335.35833333","21.04805556","11.871875402973469","71.48388334074258"
"NSVS 2844818","242.79166667","68.02750000","29.509880699104414","13.30959371453483"
"NT UMa","126.15833333","72.75722222","32.40977176358598","353.72916971117513"
"NU UMa","163.25416667","57.70194444","67.91383709427582","53.72465246104576"
"OV Aqr","351.53333333","-18.62694444","19.77733290620599","201.40634249857243"
"OY Aql","297.98750000","11.78555556","-0.34222421860695135","288.5543630341343"
"PQ Cam","57.67083333","67.57944444","37.98264320983984","332.8056120141667"
"UCAC3 323-013086","23.40833333","71.04361111","43.49309661655839","26.395476642293204"
"V0347 Cam","66.59583333","79.23083333","58.51746714362189","8.594419487970846"
"V0381 And","347.23750000","38.91500000","30.82846046861144","295.37249110972755"
"V0413 Ser","278.78333333","0.04277778","33.63350336079332","220.19022959234917"
"V0425 Dra","296.07500000","81.79222222","43.074839017302885","351.7989767158355"
"V0441 Dra","303.16250000","82.63916667","55.43732295717792","354.1532862251843"
"V0457 Lac","339.09166667","38.10500000","0.5382060755416497","21.587193756826327"
"V0491 Vul","296.59166667","24.62972222","-1.7607684531215355","312.1365311495453"
"V0493 Sct","277.15000000","-11.00277778","11.929431514091158","237.29095337911718"
"V0498 Cam","132.99166667","74.03166667","54.83840200963176","335.72737323226255"
"V0512 Cam","154.17083333","84.53472222","47.61408613618727","352.0473406556366"
"V0516 Cam","180.17916667","77.08333333","51.44352749262042","340.10922183043874"
"V0539 Lyr","282.85833333","39.32055556","67.47753013772511","104.63387700595351"
"V0698 Cyg","299.97083333","36.27777778","35.89016518800416","286.3101065895136"
"V0732 Per","50.82916667","51.39138889","13.996863836177551","19.815891385047344"
"V0750 Cep","3.70833333","71.82916667","31.546787023578005","6.711371033911551"
"V0751 Per","22.72083333","53.42722222","39.01662393654148","49.95217785042361"
"V0788 Cyg","306.89166667","31.85694444","62.26559963255683","117.33646303500308"
"V0798 Cep","28.64166667","79.46916667","38.49774306896086","1.0789233862067156"
"V0840 Her","248.20833333","6.91194444","-19.72653329620007","307.3990850378017"
"V0850 Cep","322.46666667","64.92111111","40.42606772328358","326.4712357586759"
"V0880 Cep","336.24583333","70.31500000","39.573048248308204","24.336647720140732"
"V0888 Per","47.40416667","50.89194444","32.4479362429181","47.91956377205466"
"V0898 Cep","339.50833333","67.46611111","27.6044166132172","9.17049960889778"
"V0919 Cep","344.91666667","65.21111111","33.063053489005824","334.464993860705"
"V0921 Cep","345.30416667","62.56805556","32.92986680305741","330.0851780037128"
"V0922 Cep","345.41250000","69.71250000","38.22716453901403","336.0397256130373"
"V0957 Cep","356.54166667","71.49861111","56.97559184893622","28.05430822277325"
"V0958 Per","67.86666667","32.87000000","53.866795710319614","99.94413975731968"
"V1112 Cas","23.04166667","66.58277778","43.33722818767357","33.11077598831099"
"V1141 Cas","24.57500000","61.14305556","32.027038751135954","31.233388430851623"
"V1160 Cas","29.16250000","72.32972222","31.350390928897188","358.8675386196682"
"V1162 Cas","32.12916667","68.10416667","32.38260947960513","340.94043876943334"
"V1177 Cas","51.20833333","70.55611111","31.036722059260182","9.849990179271474"
"V1287 Tau","58.27916667","25.53527778","12.820648849092162","294.33437444890757"
"V1344 Her","276.82500000","19.14250000","32.659677828273615","261.73915440243604"
"V1356 Tau","76.18333333","22.28555556","-17.978806194430692","11.183090603344525"
"V1719 Aql","297.68333333","1.76388889","-10.96790444810105","285.7077686482781"
"V1725 Aql","282.29583333","0.39944444","38.389370764479196","153.87895377142183"
"V1811 Aql","295.17500000","1.68500000","-31.69770578225774","319.7379181214979"
"V2541 Cyg","306.04583333","48.92388889","79.22858197348393","84.18371327365121"
"V2544 Cyg","306.82083333","37.94055556","67.0139672668908","108.18195072143733"
"V2618 Cyg","319.76666667","43.76333333","9.8632843510366","330.4705247210126"
"V2636 Oph","259.54166667","-16.73722222","15.769704040381141","141.35138708304245"
"V2638 Oph","259.68333333","-17.06250000","14.589810014823836","139.60284670462443"
"V2642 Oph","263.98750000","11.84472222","-0.9944314484571863","70.55612600719041"
"V2647 Cyg","326.76250000","50.05472222","68.84755305805318","285.3825428081506"
"RU And","24.65000000","38.67027778","14.539852077966206","46.72007142480636"
"ST And","354.68750000","35.77250000","66.83023058608892","115.04356247362176"
"R Aql","286.59166667","8.23000000","9.721318642900316","88.60788514909295"
"RR Aql","299.40000000","-0.11361111","4.336613300204967","264.8210302742332"
"R Aqr","355.95416667","-14.71555556","14.861594939476586","134.89873692912727"
"RS Aqr","317.74166667","-3.97222222","-43.848745310409974","343.46180596116733"
"S Aur","81.77916667","34.14972222","15.06019006558385","305.2081702834465"
"Z Aur","90.43750000","53.30527778","75.42647699501381","64.37105433196182"
"V Boo","217.43750000","38.86111111","9.431635051620631","38.88752087392168"
"T CVn","187.55000000","31.50305556","56.00392270675049","106.33442477946691"
"V CVn","199.86250000","45.52694444","11.899075639267881","330.36118604860206"
"R Cap","302.82500000","-13.73250000","21.225640120265133","213.38779773180553"
"S Cas","19.92083333","72.61111111","59.30678475769415","24.256861700088656"
"Z Cas","356.12916667","56.58111111","60.8287845255438","56.6755725448835"
"SV Cas","354.75416667","52.26222222","72.63348513357913","68.89417208242571"
"S Cep","323.80000000","78.62444444","50.21420481484874","342.504867339474"
"V CrB","237.37916667","39.57138889","43.07352310104687","75.29870430653806"
"RS Cyg","303.34583333","38.72888889","69.96784091593682","248.212096805301"
"RZ Cyg","312.97083333","47.35555556","19.31879116630682","38.29601753241164"
"LX Cyg","328.98750000","48.34777778","89.24939724639154","150.12239951040635"
"Y Del","310.40833333","11.87722222","14.244921941039872","88.18809540488957"
"T Dra","269.09583333","58.21833333","17.2334394717706","358.7938738489092"
"W Dra","271.39166667","65.95583333","28.339639747477705","343.9683324427835"
"RS Lac","333.21666667","43.75000000","46.85628582154491","71.70286209238245"
"U LMi","148.65833333","36.08972222","-4.821450444717883","3.5467109945663164"
"S Lyr","288.29583333","26.00777778","7.322784182221316","58.26170696839834"
"U Lyr","290.03750000","37.87666667","5.100172587321124","33.18737244894952"
"RU Lyr","288.08750000","41.30361111","20.703755045730794","50.15111409739904"
"RV Peg","336.40000000","30.47250000","9.974115449487435","54.37036711867768"
"W Tau","66.98750000","16.04333333","48.71947691741313","132.20871228142315"
"RX UMa","138.60416667","67.26055556","67.85471223450112","25.487985442023827"
"T UMi","203.67083333","73.43111111","49.32943255377417","334.54507053448634"
"RU Vir","191.82500000","4.14472222","-5.396041880116594","77.33096750966193"
"SS Vir","186.30833333","0.76944444","38.68887663427692","153.51207566866998"
"RU Vul","309.71666667","23.25861111","29.292819083798033","87.43332948337763"
"R And","6.00416667","38.57694444","-1.3104130181149785","347.6969701594658"
"W And","34.38333333","44.30472222","27.241992372203825","307.24314720882444"
"S Aql","302.90416667","15.62055556","48.293863987234296","227.62586739315702"
"V Aql","286.10000000","-4.31527778","5.025042539707801","102.49093945501167"
"R Ari","34.02916667","25.05638889","10.237995162149268","296.6288599494701"
"T Ari","42.07916667","17.50916667","55.64775686831034","150.50372805833152"
"X Aur","93.05416667","50.22777778","51.2539887230987","64.00368322525983"
"R Aur","79.32083333","53.58611111","16.890639314572613","338.8502984102424"
"S Boo","215.71666667","53.81027778","32.13184844378305","43.0993282217778"
"R Boo","219.29583333","26.73638889","-11.086782121365637","22.452027209783065"
"RX Boo","216.04583333","25.70361111","9.210007107774684","61.10529750135292"
"X Cam","71.42500000","75.10083333","45.105943769184826","21.19122873431745"
"R Cam","214.46250000","83.83138889","49.40363203300076","9.42680223784355"
"T Cam","70.03333333","66.14666667","48.87744903304424","36.6746428972746"
"U Cam","55.45000000","62.64833333","25.54360647791877","341.9409902683731"
"W Cas","13.72083333","58.56361111","60.56814684589913","307.4239067988092"
"WZ Cas","0.31250000","60.35527778","32.86174417951539","33.489221937875755"
"R Cas","359.60000000","51.38861111","31.358708673498498","46.073285755466735"
"T Cas","5.80833333","55.79250000","15.342728459367478","352.5361410244808"
"V Cas","347.91666667","59.69944444","47.26387629758564","313.9629579630553"
"miu Cep","325.87500000","58.78000000","61.77550754385904","307.809837913947"
"AR Cep","342.88750000","85.04638889","44.61773338819186","356.6217231285488"
"SS Cep","57.37500000","80.32222222","44.408669389177824","347.5492452355992"
"T Cep","317.37916667","68.49083333","27.58884129436685","357.3414816790265"
"omi Cet","34.83333333","-1.02250000","-1.91968621437712","270.64984580971526"
"S CrB","230.34583333","31.36722222","55.872998438433584","253.55075791443963"
"R CVn","207.23750000","39.54250000","69.45693779688217","252.2811414386146"
"Y CVn","191.27916667","45.44000000","29.87582817651097","53.72522528566068"
"RU Cyg","325.16250000","54.32444444","55.33674840541309","300.8922702320793"
"TU Cyg","296.54166667","49.07333333","18.47219880893474","326.0904181273953"
"TZ Cyg","289.01666667","50.16000000","21.285880306709814","36.110529636550666"
"Z Cyg","300.36250000","50.04222222","46.95173087768292","298.68994804046207"
"AF Cyg","292.55000000","46.14777778","5.291027758090319","4.170579790545356"
"khi Cyg","297.63750000","32.91388889","12.976422727950547","305.7935389886371"
"R Cyg","294.20416667","50.19972222","10.504393973920411","347.8812691072928"
"RT Cyg","295.90416667","48.77805556","14.970195710919642","331.5418630139362"
"U Cyg","304.90000000","47.89416667","88.78745996865945","204.500083958394"
"V Cyg","310.32500000","48.14111111","39.30240462747191","58.30231046141822"
"W Cyg","324.00833333","45.37444444","41.54447812456031","295.47391769789095"
"WX Cyg","304.63750000","37.44972222","77.96141883921146","198.12256789061652"
"S Del","310.76666667","17.08805556","14.587043630538668","80.5936431686402"
"EU Del","309.47500000","18.26833333","28.113060676680387","94.17830452888082"
"U Del","311.36666667","18.09000000","9.581568722455442","73.39314164019295"
"R Dra","248.16666667","66.75472222","31.401475248908973","339.819983315005"
"RY Dra","194.10416667","65.99416667","29.55366969850115","18.48668456285054"
"TX Dra","248.75000000","60.46805556","28.720355010480723","331.87610216778023"
"SX Her","241.86250000","24.90805556","-5.344878252629918","41.20231961322667"
"W Her","248.80000000","37.34527778","10.341021116601656","316.8860897616499"
"alf Her","258.65833333","14.39027778","49.511530865293835","139.82086535512386"
"g Her","247.15833333","41.88166667","5.438137370382405","335.8768432955507"
"RS Her","260.42500000","22.92083333","41.67518244097824","103.25458596269839"
"RU Her","242.55833333","25.07055556","-9.306939860815207","32.539946416534576"
"S Her","252.97083333","14.94166667","30.965353689695018","256.58888939468466"
"T Her","272.27500000","31.02111111","1.5249015346439725","319.0414715000898"
"U Her","246.44583333","18.89222222","-19.229883457766903","337.5141669984225"
"X Her","240.66250000","47.24027778","21.164194513186303","41.00164002378375"
"W Lyr","273.72916667","36.67027778","16.58178206009548","307.39130393160724"
"R Lyr","283.83333333","43.94583333","60.20451469632025","83.12248027795944"
"X Oph","279.58750000","8.83388889","46.33353588030181","209.982000059944"
"R Peg","346.66250000","10.54333333","5.140417728273286","280.16870179403327"
"W Peg","349.95833333","26.27861111","48.677494825687276","253.3591884644032"
"rho Per","46.29166667","38.84027778","34.121726407036846","67.96133718407845"
"U Per","29.89583333","54.82194444","14.503196452008323","351.6133087683891"
"W Per","42.65416667","56.98333333","72.80745192687834","52.695607851143414"
"Y Per","51.92500000","44.17666667","4.143465583733322","10.990765621200936"
"S Per","35.71250000","58.58638889","45.38952297437221","313.32864372700624"
"R Ser","237.67083333","15.13361111","23.902068127955374","94.27571109571372"
"R Tri","39.25833333","34.26416667","66.17720587721827","241.2643243886765"
"RS UMa","189.73750000","58.48333333","48.6272407671214","48.710326306934725"
"S UMa","190.98333333","61.09305556","41.14061460003037","39.92937499747311"
"R UMa","161.15833333","68.77555556","70.16471788425794","3.3344400826161027"
"RY UMa","185.11250000","61.30944444","77.61419521653049","5.462457242081788"
"ST UMa","171.95833333","45.18500000","5.075758836702557","10.465663929405865"
"T UMa","189.09583333","59.48666667","53.6692944007075","49.289911870805916"
"VW UMa","164.75416667","69.98888889","56.2235787194525","31.10360436019941"
"VY UMa","161.26666667","67.41138889","71.43223719087348","5.7329619001571634"
"Z UMa","179.12500000","57.87138889","40.9280515203343","315.318598059161"
"S UMi","232.39166667","78.63333333","60.207279280803405","356.68796644615225"
"U UMi","214.32916667","66.79416667","47.34791628658841","35.02257329714145"
"R Vir","189.62083333","6.98833333","18.292802273339277","100.65911357061944"
"S Vir","203.25000000","-6.80555556","-2.1961716982739006","262.1464540400506"
"R Vul","316.09166667","23.82166667","-16.275598474229188","12.260110777060598"
"T Cet","5.44166667","-19.94222222","-60.345914906780436","345.8837704999674"
"Y Cyg","313.01250000","34.65750000","8.727950615762564","45.54523540773562"
"V2487 Oph","262.99583333","-18.76805556","-14.493673474968745","102.07313715489124"
"V1687 Cyg","305.11250000","43.85444444","84.5878542380648","161.0243952356204"
"KIC 08462852","301.56250000","44.45666667","55.53429659704693","282.14930710293015"
"RR Lyr","291.36250000","42.78416667","4.135932446323291","17.28278678901014"
"V2492 Cyg","312.85833333","44.08972222","17.419573884709983","41.35828332623607"
"eps Aur","75.49166667","43.82305556","4.780114058663621","15.64931992565932"
"P Cyg","304.44583333","38.03277778","77.75281923640355","209.25293494397636"
"AG Peg","327.75416667","12.62555556","50.7181487205811","208.3378765118689"
"AG Dra","240.42083333","66.80277778","36.62871411276761","27.057548796445463"
"R Aqr","355.95416667","-14.71555556","14.861594939476586","134.89873692912727"
"CH Cyg","291.13750000","50.24138889","11.943753300484273","17.378339724048175"
"AG Dra","240.42083333","66.80277778","36.62871411276761","27.057548796445463"
"AG Dra","240.42083333","66.80277778","36.62871411276761","27.057548796445463"
"AG Dra","240.42083333","66.80277778","36.62871411276761","27.057548796445463"
"AG Dra","240.42083333","66.80277778","36.62871411276761","27.057548796445463"
"CH Cyg","291.13750000","50.24138889","11.943753300484273","17.378339724048175"
"CH Cyg","291.13750000","50.24138889","11.943753300484273","17.378339724048175"
"CH Cyg","291.13750000","50.24138889","11.943753300484273","17.378339724048175"
"AG Peg","327.75416667","12.62555556","50.7181487205811","208.3378765118689"
"AG Peg","327.75416667","12.62555556","50.7181487205811","208.3378765118689"
"AG Peg","327.75416667","12.62555556","50.7181487205811","208.3378765118689"
"AG Peg","327.75416667","12.62555556","50.7181487205811","208.3378765118689"
"KIC 08462852","301.56250000","44.45666667","55.53429659704693","282.14930710293015"
"KIC 08462852","301.56250000","44.45666667","55.53429659704693","282.14930710293015"
"KIC 08462852","301.56250000","44.45666667","55.53429659704693","282.14930710293015"
"R Aqr","355.95416667","-14.71555556","14.861594939476586","134.89873692912727"
"R Aqr","355.95416667","-14.71555556","14.861594939476586","134.89873692912727"
"R Aqr","355.95416667","-14.71555556","14.861594939476586","134.89873692912727"
"R Aqr","355.95416667","-14.71555556","14.861594939476586","134.89873692912727"
"RW Aur","76.95416667","30.40138889","-10.598591424286049","359.945071610525"
"RW Aur","76.95416667","30.40138889","-10.598591424286049","359.945071610525"
"RW Aur","76.95416667","30.40138889","-10.598591424286049","359.945071610525"
"RW Aur","76.95416667","30.40138889","-10.598591424286049","359.945071610525"
"V1687 Cyg","305.11250000","43.85444444","84.5878542380648","161.0243952356204"
"V1687 Cyg","305.11250000","43.85444444","84.5878542380648","161.0243952356204"
"V1687 Cyg","305.11250000","43.85444444","84.5878542380648","161.0243952356204"
"V1687 Cyg","305.11250000","43.85444444","84.5878542380648","161.0243952356204"
"V2487 Oph","262.99583333","-18.76805556","-14.493673474968745","102.07313715489124"
"V2492 Cyg","312.85833333","44.08972222","17.419573884709983","41.35828332623607"
"V2492 Cyg","312.85833333","44.08972222","17.419573884709983","41.35828332623607"
"V2492 Cyg","312.85833333","44.08972222","17.419573884709983","41.35828332623607"
"V2492 Cyg","312.85833333","44.08972222","17.419573884709983","41.35828332623607"
"eps Aur","75.49166667","43.82305556","4.780114058663621","15.64931992565932"
"eps Aur","75.49166667","43.82305556","4.780114058663621","15.64931992565932"
"eps Aur","75.49166667","43.82305556","4.780114058663621","15.64931992565932"
"eps Aur","75.49166667","43.82305556","4.780114058663621","15.64931992565932"
"RW Aur","76.95416667","30.40138889","-10.598591424286049","359.945071610525"
"V2500 Oph","269.45000000","4.69333333","-35.9099447716352","350.75728080718903"
"CH Cyg","291.13750000","50.24138889","11.943753300484273","17.378339724048175"
"DDE 48","311.54583333","24.34916667","12.609538694762145","67.25456749244243"
"V1117 Her","249.77500000","9.79861111","-3.8592520197716036","289.73059087118656"
"V1117 Her","249.77500000","9.79861111","-3.8592520197716036","289.73059087118656"
"V1117 Her","249.77500000","9.79861111","-3.8592520197716036","289.73059087118656"
"V1117 Her","249.77500000","9.79861111","-3.8592520197716036","289.73059087118656"
"V404 Cyg","306.01250000","33.86722222","70.8013498773374","136.10494007441426"
"VV Cep","329.16250000","63.62555556","75.27247321609404","5.576022271390119"
"VV Cep","329.16250000","63.62555556","75.27247321609404","5.576022271390119"
"VV Cep","329.16250000","63.62555556","75.27247321609404","5.576022271390119"
"FO Aqr","334.47916667","-7.64916667","-1.1753449829767735","100.33072391993967"
"FO Aqr","334.47916667","-7.64916667","-1.1753449829767735","100.33072391993967"
"CI Aql","283.01250000","-0.52250000","33.76681725116043","141.8003580121212"
"CI Aql","283.01250000","-0.52250000","33.76681725116043","141.8003580121212"
"CI Aql","283.01250000","-0.52250000","33.76681725116043","141.8003580121212"
"R Aqr","355.95416667","-14.71555556","14.861594939476586","134.89873692912727"
"R Aqr","355.95416667","-14.71555556","14.861594939476586","134.89873692912727"
"R Aqr","355.95416667","-14.71555556","14.861594939476586","134.89873692912727"
"ST Tri","40.38333333","35.72527778","75.33672188910526","208.29599626845246"
"MASTER OT J132104.04+560957.8","200.26666667","56.16583333","23.009312926749107","332.5035706795825"
"TT Ari","31.72083333","15.29472222","-15.92728573316906","318.2802504819002"
"TT Ari","31.72083333","15.29472222","-15.92728573316906","318.2802504819002"
"TT Ari","31.72083333","15.29472222","-15.92728573316906","318.2802504819002"
"AK Cep","337.20833333","58.21083333","26.67059732132288","29.304484247609697"
"BW Cyg","308.59583333","58.76472222","57.347570084631094","51.65321368507412"
"b Per","64.55833333","50.29527778","85.98291072310965","291.02812725178046"
"ASASSN-18ca","10.64166667","40.74055556","26.90222469022631","302.1291042962519"
"ASASSN-18ca","10.64166667","40.74055556","26.90222469022631","302.1291042962519"
"ASASSN-18ca","10.64166667","40.74055556","26.90222469022631","302.1291042962519"
"SU UMa","123.11666667","62.60611111","23.72391586808393","13.418542290866403"
"SU UMa","123.11666667","62.60611111","23.72391586808393","13.418542290866403"
"SU UMa","123.11666667","62.60611111","23.72391586808393","13.418542290866403"
"SU UMa","123.11666667","62.60611111","23.72391586808393","13.418542290866403"
"SU UMa","123.11666667","62.60611111","23.72391586808393","13.418542290866403"
"SU UMa","123.11666667","62.60611111","23.72391586808393","13.418542290866403"
"SU UMa","123.11666667","62.60611111","23.72391586808393","13.418542290866403"
"SU UMa","123.11666667","62.60611111","23.72391586808393","13.418542290866403"
"CR Boo","207.22916667","7.95972222","43.58423495017159","216.53583935711686"
"CR Boo","207.22916667","7.95972222","43.58423495017159","216.53583935711686"
"CR Boo","207.22916667","7.95972222","43.58423495017159","216.53583935711686"
"CR Boo","207.22916667","7.95972222","43.58423495017159","216.53583935711686"
"CR Boo","207.22916667","7.95972222","43.58423495017159","216.53583935711686"
"CR Boo","207.22916667","7.95972222","43.58423495017159","216.53583935711686"
"CR Boo","207.22916667","7.95972222","43.58423495017159","216.53583935711686"
"CR Boo","207.22916667","7.95972222","43.58423495017159","216.53583935711686"
"SDSS J153817.35+512338.0","234.57083333","51.39388889","74.32772899691155","71.9873521815987"
"ASASSN-18ey","275.08750000","7.18527778","6.766583286809147","273.18129815475777"
"ASASSN-18ey","275.08750000","7.18527778","6.766583286809147","273.18129815475777"
"ASASSN-18ey","275.08750000","7.18527778","6.766583286809147","273.18129815475777"
"ASASSN-18ey","275.08750000","7.18527778","6.766583286809147","273.18129815475777"
"MAXI J1820+070","275.08750000","7.18527778","6.766583286809147","273.18129815475777"
"MAXI J1820+070","275.08750000","7.18527778","6.766583286809147","273.18129815475777"
"MAXI J1820+070","275.08750000","7.18527778","6.766583286809147","273.18129815475777"
"MAXI J1820+070","275.08750000","7.18527778","6.766583286809147","273.18129815475777"
"N Sgr 2018","271.03750000","-17.93472222","-49.96617039898537","309.76341316884236"
"N Sgr 2018","271.03750000","-17.93472222","-49.96617039898537","309.76341316884236"
"N Sgr 2018","271.03750000","-17.93472222","-49.96617039898537","309.76341316884236"
"N Sgr 2018","271.03750000","-17.93472222","-49.96617039898537","309.76341316884236"
"N Sgr 2018","271.03750000","-17.93472222","-49.96617039898537","309.76341316884236"
"NSVS J1444107-074451","221.04166667","-6.25305556","-47.23720431822033","357.98654113185773"
"NSVS J1444107-074451","221.04166667","-6.25305556","-47.23720431822033","357.98654113185773"
"V392 Per","70.83750000","47.35694444","34.627758832582956","55.37649036047346"
"V392 Per","70.83750000","47.35694444","34.627758832582956","55.37649036047346"
"V392 Per","70.83750000","47.35694444","34.627758832582956","55.37649036047346"
"V392 Per","70.83750000","47.35694444","34.627758832582956","55.37649036047346"
"V392 Per","70.83750000","47.35694444","34.627758832582956","55.37649036047346"
"SDSS J141118.31+481257.6","212.82500000","48.21583333","52.52329812383316","68.43440634755493"
"SDSS J141118.31+481257.6","212.82500000","48.21583333","52.52329812383316","68.43440634755493"
"SDSS J141118.31+481257.6","212.82500000","48.21583333","52.52329812383316","68.43440634755493"
"SDSS J141118.31+481257.6","212.82500000","48.21583333","52.52329812383316","68.43440634755493"
"SDSS J141118.31+481257.6","212.82500000","48.21583333","52.52329812383316","68.43440634755493"
"N Sct 2018","277.34166667","-13.48777778","11.410287173457935","233.49793834949395"
"N Sct 2018","277.34166667","-13.48777778","11.410287173457935","233.49793834949395"
"N Sct 2018","277.34166667","-13.48777778","11.410287173457935","233.49793834949395"
"N Sct 2018","277.34166667","-13.48777778","11.410287173457935","233.49793834949395"
"N Sct 2018","277.34166667","-13.48777778","11.410287173457935","233.49793834949395"
"V1490 Cyg","312.72083333","44.35000000","18.529056758771777","42.42087300321682"
"V1490 Cyg","312.72083333","44.35000000","18.529056758771777","42.42087300321682"
"V1490 Cyg","312.72083333","44.35000000","18.529056758771777","42.42087300321682"
"V1490 Cyg","312.72083333","44.35000000","18.529056758771777","42.42087300321682"
"V1490 Cyg","312.72083333","44.35000000","18.529056758771777","42.42087300321682"
"ASASSN-18pe","258.83750000","6.00777778","40.798062656476716","141.45911419739855"
"ASASSN-18pe","258.83750000","6.00777778","40.798062656476716","141.45911419739855"
"ASASSN-18pe","258.83750000","6.00777778","40.798062656476716","141.45911419739855"
"ASASSN-18pe","258.83750000","6.00777778","40.798062656476716","141.45911419739855"
"ASASSN-18pe","258.83750000","6.00777778","40.798062656476716","141.45911419739855"
"YZ Cet","18.12500000","-15.00111111","24.117333557191184","161.31048549157543"
"GJ 54.1","18.12500000","-15.00111111","24.117333557191184","161.31048549157543"
"TY Cas","9.24583333","63.13361111","33.04644987634573","330.8987309872177"
"TY Cas","9.24583333","63.13361111","33.04644987634573","330.8987309872177"
"FI Per","58.73333333","48.60027778","32.787348970409134","308.24564144346607"
"FI Per","58.73333333","48.60027778","32.787348970409134","308.24564144346607"
"CI Cyg","297.54583333","35.68416667","14.402121951207384","308.50337724131145"
"CT Lac","331.66250000","48.45166667","63.47916844334553","75.54934414196208"
"N Oph 2018 No. 3","265.60000000","-19.11444444","-40.05448096183598","71.63580948976877"
"N Oph 2018 No. 3","265.60000000","-19.11444444","-40.05448096183598","71.63580948976877"
"N Oph 2018 No. 3","265.60000000","-19.11444444","-40.05448096183598","71.63580948976877"
"N Oph 2018 No. 3","265.60000000","-19.11444444","-40.05448096183598","71.63580948976877"
"N Oph 2018 No. 3","265.60000000","-19.11444444","-40.05448096183598","71.63580948976877"
"ASASSN-V J195442.95+172212.6","298.67500000","17.37000000","10.38565903649673","284.5838860517723"
"ASASSN-V J195442.95+172212.6","298.67500000","17.37000000","10.38565903649673","284.5838860517723"
"ASASSN-V J195442.95+172212.6","298.67500000","17.37000000","10.38565903649673","284.5838860517723"
"ASASSN-V J195442.95+172212.6","298.67500000","17.37000000","10.38565903649673","284.5838860517723"
"ASASSN-V J195442.95+172212.6","298.67500000","17.37000000","10.38565903649673","284.5838860517723"
"GK Per","52.80000000","43.90416667","2.925072049986956","1.6229702964358732"
"GK Per","52.80000000","43.90416667","2.925072049986956","1.6229702964358732"
"GK Per","52.80000000","43.90416667","2.925072049986956","1.6229702964358732"
"GK Per","52.80000000","43.90416667","2.925072049986956","1.6229702964358732"
"GK Per","52.80000000","43.90416667","2.925072049986956","1.6229702964358732"
"EN Sgr","290.67500000","-12.00111111","-43.48413216171917","49.138197842812744"
"EN Sgr","290.67500000","-12.00111111","-43.48413216171917","49.138197842812744"
"GAIA DR2 4150099732733146112","269.92916667","-12.02444444","-51.07091785391039","336.75546219556117"
"GAIA DR2 4150099732733146112","269.92916667","-12.02444444","-51.07091785391039","336.75546219556117"
"GAIA DR2 4150446010182968192","269.01666667","-12.83250000","-53.82304045901473","358.34789700646746"
"GAIA DR2 4150446010182968192","269.01666667","-12.83250000","-53.82304045901473","358.34789700646746"
"FASTT 1100","268.43750000","-0.87055556","-41.4185284815848","10.27434060621309"
"FASTT 1100","268.43750000","-0.87055556","-41.4185284815848","10.27434060621309"
"GAIA DR2 4168021909706732672","261.35833333","-6.19250000","10.519766333966295","112.3863134956916"
"GAIA DR2 4168021909706732672","261.35833333","-6.19250000","10.519766333966295","112.3863134956916"
"V2525 Oph","258.77083333","-8.60277778","27.61117677997004","149.20341774879674"
"V2525 Oph","258.77083333","-8.60277778","27.61117677997004","149.20341774879674"
"SS 295","256.90833333","-6.25333333","34.74396204168687","180.75597400332128"
"SS 295","256.90833333","-6.25333333","34.74396204168687","180.75597400332128"
"GAIA DR2 4334886650491663104","256.53333333","-9.02444444","31.715810271683402","187.26116231044594"
"GAIA DR2 4334886650491663104","256.53333333","-9.02444444","31.715810271683402","187.26116231044594"
"GAIA DR2 4131587500273361280","249.99583333","-17.25611111","-22.25708224202653","268.9820086261847"
"GAIA DR2 4131587500273361280","249.99583333","-17.25611111","-22.25708224202653","268.9820086261847"
"LQ Peg","324.07916667","11.68166667","19.87565386768377","264.96840778006754"
"LQ Peg","324.07916667","11.68166667","19.87565386768377","264.96840778006754"
"UU Aqr","332.27083333","-2.22861111","23.183655973327795","123.8582665025358"
"UU Aqr","332.27083333","-2.22861111","23.183655973327795","123.8582665025358"
"V378 Peg","355.01666667","30.29638889","60.029262636172334","117.10336544210067"
"V378 Peg","355.01666667","30.29638889","60.029262636172334","117.10336544210067"
"M31_V1","10.36250000","41.16944444","24.907672816457985","304.8986465141368"
"MRK 421","166.11250000","38.20861111","35.37547384478536","70.15466376112735"
"BL Lac","330.67916667","42.27750000","70.77440446755128","100.64248164464418"
"XZ Tau","67.91666667","18.23250000","42.888175158162575","114.68647433103966"
"XZ Tau","67.91666667","18.23250000","42.888175158162575","114.68647433103966"
"XZ Tau","67.91666667","18.23250000","42.888175158162575","114.68647433103966"
"HL Tau","67.90833333","18.23277778","42.96286629137555","114.8125074419817"
"HL Tau","67.90833333","18.23277778","42.96286629137555","114.8125074419817"
"HL Tau","67.90833333","18.23277778","42.96286629137555","114.8125074419817"
"V349 Vul","292.79166667","23.50916667","-17.459794279735554","2.2829071355501918"
"V349 Vul","292.79166667","23.50916667","-17.459794279735554","2.2829071355501918"
"RT Aql","294.50416667","11.72166667","-25.887691770730225","334.48697687749853"
"RT Aql","294.50416667","11.72166667","-25.887691770730225","334.48697687749853"
"V353 Vul","297.34166667","22.62750000","2.4562896428531045","302.52252026715666"
"V353 Vul","297.34166667","22.62750000","2.4562896428531045","302.52252026715666"
"V1301 Cyg","300.55000000","37.63472222","42.23429870938891","282.2828121504034"
"V1301 Cyg","300.55000000","37.63472222","42.23429870938891","282.2828121504034"
"SX Cyg","303.88750000","31.07222222","68.41084093336677","219.73133198459985"
"SX Cyg","303.88750000","31.07222222","68.41084093336677","219.73133198459985"
"AU Cyg","304.63333333","34.38916667","74.97264696985921","195.28088431253914"
"AU Cyg","304.63333333","34.38916667","74.97264696985921","195.28088431253914"
"V1655 Cyg","306.35000000","38.70972222","71.78904060225638","116.51535926230825"
"V1655 Cyg","306.35000000","38.70972222","71.78904060225638","116.51535926230825"
"V1659 Cyg","307.27083333","39.71250000","63.710184591700475","97.45681475611941"
"V1659 Cyg","307.27083333","39.71250000","63.710184591700475","97.45681475611941"
"NSVS J2041274+511326","310.36250000","51.22500000","40.6415509337666","54.64597648722059"
"NSVS J2041274+511326","310.36250000","51.22500000","40.6415509337666","54.64597648722059"
"DR Cyg","310.92083333","38.16527778","28.05357511617767","62.98399063449777"
"DR Cyg","310.92083333","38.16527778","28.05357511617767","62.98399063449777"
"V750 Cyg","312.33750000","50.53083333","25.74927754940543","41.276158659539185"
"V750 Cyg","312.33750000","50.53083333","25.74927754940543","41.276158659539185"
"W Cep","339.11250000","58.42583333","19.782910256240456","14.920216015265945"
"W Cep","339.11250000","58.42583333","19.782910256240456","14.920216015265945"
"AL Cep","342.31666667","58.58527778","18.891711232475696","348.8760653207591"
"AL Cep","342.31666667","58.58527778","18.891711232475696","348.8760653207591"
"VX Cep","342.70416667","64.25138889","25.106112904851734","347.7218811766087"
"VX Cep","342.70416667","64.25138889","25.106112904851734","347.7218811766087"
"FY Aql","292.00000000","3.69944444","-35.86321081307622","17.643967343734438"
"V657 Cas","358.01666667","61.80333333","47.74344214034856","42.98294604244351"
"V657 Cas","358.01666667","61.80333333","47.74344214034856","42.98294604244351"
"V850 Cas","354.41250000","58.84611111","73.88257068670951","44.124626484137266"
"V850 Cas","354.41250000","58.84611111","73.88257068670951","44.124626484137266"
"V818 Sco","244.97916667","-14.35972222","-55.35785380337519","359.25422555352156"
"2MASS J16194990-1537248","244.95416667","-14.37666667","-55.3766284214247","359.89327628211646"
"U Sco","245.62500000","-16.12166667","-56.09973675585198","342.3743379677793"
"U Sco","245.62500000","-16.12166667","-56.09973675585198","342.3743379677793"
"U Sco","245.62500000","-16.12166667","-56.09973675585198","342.3743379677793"
"U Sco","245.62500000","-16.12166667","-56.09973675585198","342.3743379677793"
"U Sco","245.62500000","-16.12166667","-56.09973675585198","342.3743379677793"
"R Aqr","355.95416667","-14.71555556","14.861594939476586","134.89873692912727"
"T Peg","332.22500000","12.54000000","35.65850469311009","114.71114465064068"
"CRTS J105122.8+672528","162.84166667","67.42444444","66.70506587905406","27.47402104237094"
"CRTS J105122.8+672528","162.84166667","67.42444444","66.70506587905406","27.47402104237094"
"V386 Ser","242.63750000","-0.96027778","-33.50637154647368","43.033072216762086"
"V386 Ser","242.63750000","-0.96027778","-33.50637154647368","43.033072216762086"
"KIC 2856960","292.37916667","38.07638889","-2.5934268726712957","6.737572195456473"
"KIC 2856960","292.37916667","38.07638889","-2.5934268726712957","6.737572195456473"
"KIC 2856960","292.37916667","38.07638889","-2.5934268726712957","6.737572195456473"
